year,month,temp_c_mean,rain_mm_total,farm_id,ndvi,milk_liters,feed_cost_ugx,vet_visits,loan_access,outages_days,market_price_ugx_per_liter,investment_feasible
2014,1,24.990322580645163,6.0,1,0.28487506940068236,555.6886138882722,148237.13553382206,3,0,7,1428.249594879371,0
2014,2,26.12857142857143,11.9,1,0.2915630994605545,620.5398285240079,161816.29324515746,2,0,4,1791.337857541378,0
2014,3,24.970967741935485,95.0,1,0.43791035589781185,863.6915151278381,238412.1649856702,5,1,2,1391.0282634869466,1
2014,4,22.94333333333333,134.6,1,0.5121434217773572,1004.7068342207572,214694.98585257016,3,0,7,1737.1228193384254,0
2014,5,22.4741935483871,150.5,1,0.5425193328664941,1020.1198967447266,154667.26148496108,5,0,8,1404.0997248461072,0
2014,6,22.516666666666666,81.6,1,0.40867799615508127,877.0151718287592,243706.53484454477,1,0,4,1608.9150107439546,0
2014,7,22.44193548387097,80.1,1,0.4496671705844653,881.4976825802191,228690.90726464472,2,0,0,1958.9171743329537,1
2014,8,21.725806451612904,127.4,1,0.5074520984039724,988.612711411362,207672.77219181444,0,0,5,1505.0460307651476,0
2014,9,22.256666666666668,136.2,1,0.6004204129792294,1080.9516261602118,196971.2237610697,3,1,8,1900.5907887705662,0
2014,10,22.55806451612903,137.9,1,0.5282109591647369,1037.1495154272245,258046.19812360808,1,0,9,1989.5556649631158,0
2014,11,23.06,89.2,1,0.4205047684256036,830.0155860000732,226881.76555681875,2,1,4,1899.8806790441306,0
2014,12,24.019354838709678,10.7,1,0.35054530481333146,661.7446380853436,274514.4137208981,2,0,1,1332.6928237786742,0
2015,1,25.606451612903225,0.0,1,0.24200374992867146,536.6300620299372,213568.32098865922,1,1,5,1855.7265756281304,0
2015,2,26.764285714285712,4.8,1,0.2798939777420732,624.2277736483488,225390.7447011569,0,1,8,1225.719516080449,0
2015,3,26.574193548387097,63.6,1,0.3656384657172185,761.3368088763402,218770.07454878575,3,0,9,1514.6415069594464,0
2015,4,22.633333333333333,145.9,1,0.5179590118247596,1027.979062993339,256741.60105549087,5,1,0,1896.586698654291,0
2015,5,22.258064516129032,175.2,1,0.5897584955035541,1102.92622086263,256986.65370645502,1,0,2,1751.0017702079358,0
2015,6,22.086666666666666,129.5,1,0.48869540021118096,1034.496127598037,270311.4404647988,2,1,4,1626.1923418703025,0
2015,7,22.65806451612903,63.6,1,0.3977860114940686,787.3904781531901,197351.55069313664,1,0,0,1510.2912200660965,0
2015,8,23.461290322580645,47.9,1,0.316209202064421,712.7155017205237,193955.01594932302,4,0,8,1849.837557176229,0
2015,9,23.936666666666667,59.5,1,0.3646245139547475,759.2878661546166,196369.9341650099,2,1,1,1767.6467231585766,0
2015,10,23.17096774193548,232.4,1,0.7091009999556082,1330.258521396538,280144.7333470927,5,0,6,1574.7242556925387,0
2015,11,22.053333333333335,157.0,1,0.5358005372439915,1083.0937777354823,281598.73542774055,1,1,9,1913.9874697677278,0
2015,12,22.86774193548387,67.3,1,0.4074296960819212,822.2240672761375,202012.71058761197,0,0,6,1383.9584142549058,0
2016,1,24.44193548387097,26.1,1,0.3588341231151107,701.8334471716025,195613.1413592903,3,0,7,1336.3132073268998,0
2016,2,26.341379310344827,8.1,1,0.30291436131931154,693.2950319355749,226592.81582266412,3,0,2,1714.2430114668653,0
2016,3,26.787096774193547,21.0,1,0.3199844872301648,625.177825307838,206576.86489520772,5,1,8,1977.5954741614164,0
2016,4,23.206666666666663,164.1,1,0.6163062703016984,1089.8880259153696,265752.6516674263,5,1,4,1397.8052586454162,0
2016,5,22.635483870967743,138.4,1,0.5288093317777118,987.3277443911201,161432.90083271818,5,0,0,1399.736303147061,1
2016,6,22.576666666666664,73.6,1,0.4650339375461406,863.3852121545837,194269.66556485987,3,0,3,1311.5990783697519,1
2016,7,22.57741935483871,73.4,1,0.4488747525565878,878.5571714635337,196812.0836982393,2,1,3,1888.4508442189058,1
2016,8,22.690322580645162,100.9,1,0.4459344714586823,896.7082971191312,152125.98339794614,2,1,5,1381.1180323290673,0
2016,9,23.426666666666666,84.9,1,0.44523644508291255,827.4505284340943,187286.88894366342,0,1,2,1602.5428213799103,0
2016,10,24.103225806451615,47.9,1,0.39440527214569987,719.502380552169,180621.6360010538,2,0,4,1992.6979824017635,0
2016,11,23.826666666666664,105.9,1,0.46582008221666177,945.7555901657082,219627.30757769177,2,1,4,1209.7127207376348,0
2016,12,25.296774193548387,6.6000000000000005,1,0.30355463548158085,642.1582179319465,241245.5051521056,0,1,3,1645.1888724086352,0
2017,1,25.65806451612903,4.6,1,0.2810801290150573,619.5215472954144,200500.22682855724,1,0,6,1609.8312341639567,0
2017,2,25.021428571428572,23.2,1,0.27992962592066206,622.4229249009438,173976.5652410838,3,1,3,1845.957901128124,0
2017,3,24.74516129032258,36.2,1,0.37256787697383226,720.8313796799594,209683.68058960378,2,0,7,1484.2252316422216,0
2017,4,23.743333333333332,152.5,1,0.526145589605729,1058.9969632350694,266194.96570204606,5,1,2,1528.2730871192332,0
2017,5,22.283870967741933,171.7,1,0.6342348439192433,1143.5038510326553,212201.54359916528,2,0,8,1334.350384479091,0
2017,6,22.64333333333333,67.60000000000001,1,0.4114894949337617,842.5398535857778,190085.94176921877,5,0,3,1792.6521853086292,0
2017,7,21.729032258064517,181.29999999999998,1,0.6231148765447956,1164.3641389021475,259905.5998903985,3,0,0,1827.7671273505186,0
2017,8,21.606451612903225,175.0,1,0.6145292903908951,1164.2511836278659,236494.01121830527,0,1,1,1309.3306566230642,1
2017,9,21.80666666666667,189.1,1,0.5842642289974499,1165.9682854665123,262702.0035586052,1,0,8,1514.7656591906575,0
2017,10,22.55806451612903,121.7,1,0.512685848845819,984.8563845890667,228379.10701326645,4,0,8,1914.3239962901464,0
2017,11,21.886666666666667,118.5,1,0.5082166176996322,989.2023683311529,250186.0989091792,3,1,2,1202.1658189406298,0
2017,12,23.532258064516128,8.700000000000001,1,0.35872395977856597,586.3168091270647,165853.00130894594,1,1,6,1439.0072564981058,0
2018,1,24.38064516129032,14.1,1,0.358115963757856,642.0886331704638,202907.7769364407,3,1,5,1644.0338280420383,0
2018,2,25.8,13.600000000000001,1,0.31409093813131284,610.2482292554037,201499.15790953758,5,0,1,1467.2750877279627,0
2018,3,22.548387096774192,116.1,1,0.4507157731113666,915.1454719913979,186734.9100361879,2,0,4,1417.6361513421355,0
2018,4,21.386666666666667,228.2,1,0.7179208494989633,1290.1064187883433,206304.1750670068,0,0,6,1568.0299879225702,0
2018,5,21.40967741935484,135.7,1,0.5509126892783837,1079.5573132206125,256937.05611588887,1,0,9,1345.218486487755,0
2018,6,21.06,101.7,1,0.472822947524683,876.6994936173968,209607.3880228524,5,0,8,1623.700192767587,0
2018,7,20.98709677419355,65.3,1,0.4370746367420525,848.3393791939966,187198.74188609983,4,1,0,1765.3567370505807,0
2018,8,21.6,143.2,1,0.5759631128419475,978.7099969756737,225411.43165035394,5,1,2,1660.2359621028018,1
2018,9,22.453333333333333,89.1,1,0.491464288600937,872.0297393685717,253602.9448699648,5,0,4,1274.4874646868248,0
2018,10,22.416129032258063,151.3,1,0.583798441373519,1075.1355090039776,167588.7053591605,0,1,1,1875.5268913324585,1
2018,11,22.95,156.5,1,0.5302105734597343,1088.997919280013,192220.67284530125,1,0,5,1339.9822699899905,0
2018,12,23.448387096774194,47.1,1,0.3954366682657094,780.0659176591487,184718.68015587385,0,0,0,1811.849600488903,0
2019,1,25.17096774193548,11.5,1,0.39271042045570087,684.165127596945,254423.41491904287,0,1,1,1488.4520886206803,0
2019,2,26.017857142857142,20.0,1,0.2850248854746862,620.6514595973329,218219.0119696512,5,0,0,1826.209078444882,0
2019,3,26.138709677419353,26.5,1,0.3349898854496489,646.3790704966788,235423.39124066787,5,1,2,1365.0183227242767,0
2019,4,24.423333333333336,140.3,1,0.5000789619071412,1046.9419111434834,201667.19198435845,0,0,7,1349.3296829563437,0
2019,5,22.470967741935485,167.3,1,0.5892847424476997,1102.619103726767,204623.4520400256,4,0,1,1597.6206769739858,1
2019,6,21.52,167.4,1,0.5750464176132642,1055.222326338184,247852.19760873605,3,0,9,1226.3488117586885,0
2019,7,21.345161290322583,171.2,1,0.6382428148011071,1089.3772098679146,238898.40671749657,0,1,2,1380.2378710258668,1
2019,8,21.51290322580645,176.4,1,0.6370681547474555,1110.578208971894,255308.4212836753,5,1,0,1779.2098017474787,0
2019,9,21.96333333333333,164.4,1,0.5367185739307518,1107.1378559290977,232940.89874647424,5,1,3,1869.9067826443404,1
2019,10,21.351612903225806,294.6,1,0.8264479279323926,1505.367261810262,278773.69273845974,3,1,7,1264.6282911502483,0
2019,11,21.77,173.0,1,0.6291146301638109,1164.0896571995756,247870.74512311933,4,1,1,1905.6621675504834,1
2019,12,21.76774193548387,130.9,1,0.5066938083549399,977.4038906407422,251525.33292380715,2,1,0,1838.0137632425433,0
2020,1,23.358064516129033,62.5,1,0.42874042615685665,806.4495694778471,238726.2140165619,4,0,8,1895.7474365655723,0
2020,2,24.489655172413794,34.6,1,0.40909025044195657,745.5693034996917,163497.66031029125,2,1,5,1758.7428436630719,0
2020,3,24.074193548387097,123.3,1,0.5045011658042388,961.868793753087,159902.41458195678,5,1,3,1739.322453835172,1
2020,4,23.43,133.5,1,0.5400923299517433,1029.284562475541,262395.1269275885,0,0,7,1620.0745866758912,0
2020,5,22.403225806451612,108.0,1,0.4771477372307226,901.9031375142724,257784.00379899988,1,0,8,1722.229779593052,0
2020,6,22.276666666666664,83.6,1,0.4318313376793239,839.2631014289159,186522.35752891315,5,0,3,1935.287731653284,0
2020,7,21.625806451612902,106.6,1,0.5332101917916392,926.4293957652802,168319.28946485353,1,0,5,1280.4176011333668,0
2020,8,22.016129032258064,119.4,1,0.471151083717675,907.2475932794625,225550.852092573,1,0,0,1452.611582276873,1
2020,9,22.14333333333333,112.7,1,0.42648440600626514,944.4100750210245,253477.95279219784,4,0,3,1257.9639788766974,0
2020,10,21.76451612903226,250.1,1,0.7128016040556931,1335.5502415963206,310771.8550007351,1,0,5,1955.8441375552306,0
2020,11,21.94,197.8,1,0.6914181154323858,1217.6610533665448,262901.81143236713,3,0,1,1556.2123727995104,0
2020,12,22.416129032258063,14.9,1,0.40999783885025837,694.7150719990354,194425.704862352,1,1,9,1740.2755765409506,0
2021,1,23.570967741935487,10.7,1,0.27539361267572326,642.4651848316364,174603.29613898502,1,1,9,1872.8960516034572,0
2021,2,24.985714285714288,6.7,1,0.3421273449389679,653.3537475426091,207540.4099820998,5,1,2,1992.8001984611908,0
2021,3,24.23548387096774,53.9,1,0.42149367965710016,770.6106675367328,203848.33164121964,1,1,3,1329.4259662338127,0
2021,4,22.413333333333334,169.3,1,0.6047314640389044,1102.9733607176267,207785.83168554568,0,0,1,1839.610084574583,1
2021,5,21.629032258064516,123.0,1,0.5223718714657581,976.2586869911931,289563.36448519403,4,1,5,1909.938318509389,0
2021,6,22.153333333333332,44.9,1,0.3504339938914225,665.1226747968271,256764.8660459101,5,1,1,1239.1003014807004,0
2021,7,21.896774193548385,56.4,1,0.4401323028454779,730.3910459444415,242512.74418221816,0,1,3,1803.2724481484588,0
2021,8,22.4,111.2,1,0.4843210780502167,885.6241929086106,193224.42349841504,4,0,5,1483.7802569572402,0
2021,9,21.92,197.7,1,0.613812442874802,1153.739713746103,267949.7568286066,3,1,6,1718.8774331763457,0
2021,10,23.1,122.7,1,0.5711542526211655,1009.3230988430088,249934.64019237776,4,0,5,1611.2385568310917,0
2021,11,24.486666666666668,20.5,1,0.3171410162519216,621.5156633155623,215430.95512469992,0,0,2,1407.7938016693095,0
2021,12,24.700000000000003,28.8,1,0.3338998960563769,666.6793206430591,244324.30366275806,5,1,7,1308.1770896031887,0
2022,1,24.874193548387098,22.2,1,0.35802045163267593,723.1175730018701,231281.5078679234,3,0,6,1293.5577864713666,0
2022,2,25.571428571428573,7.7,1,0.3317399230964899,607.185843502783,228632.43742649557,5,1,7,1282.6582861667935,0
2022,3,25.548387096774192,25.8,1,0.2881546530122129,683.2957758558754,231512.7860535073,2,1,4,1710.2320321076622,0
2022,4,23.483333333333334,162.1,1,0.5592113392730114,1050.90454856923,244296.10612560157,5,0,8,1481.1286811196305,0
2022,5,22.448387096774194,115.3,1,0.5329549531894079,955.1548376298388,172904.05311896157,3,0,3,1373.306750564698,1
2022,6,22.06,63.5,1,0.39446202024867133,754.3235778658998,212854.51855158873,0,1,8,1753.5080741647225,0
2022,7,22.419354838709676,82.8,1,0.4398873334512518,840.6407309870747,200565.4997134922,5,0,2,1749.4796526131736,0
2022,8,21.351612903225806,152.8,1,0.6202739019899283,1116.9303500829958,200959.19927743904,4,1,2,1631.3346338855981,1
2022,9,21.67,124.39999999999999,1,0.523620808953149,914.2292797459725,273592.8409587025,1,0,5,1947.9662534926806,0
2022,10,23.1,48.5,1,0.3698120846573225,764.8064251267527,263054.3742367113,3,0,5,1508.331385153137,0
2022,11,22.186666666666667,120.0,1,0.49123584466834996,972.1160314815178,268545.9005273898,2,0,7,1868.6903770154345,0
2022,12,22.703225806451613,28.8,1,0.3260065167504092,661.2718107849726,210558.14736847402,3,0,2,1260.111526345757,0
2023,1,24.787096774193547,2.5,1,0.291364569574733,544.756136491055,238034.72841883183,5,1,8,1791.8648752308036,0
2023,2,26.150000000000002,6.299999999999999,1,0.3004649561563644,606.8105211431857,209656.43710950963,5,0,3,1990.757931065544,0
2023,3,23.138709677419353,188.5,1,0.6286679926586102,1153.9065434227527,248396.4417807536,1,0,5,1877.2785730302535,0
2023,4,22.823333333333334,155.9,1,0.5598823715148576,1082.257613896367,203776.46799784986,5,0,9,1663.7317754480475,0
2023,5,23.293548387096774,81.0,1,0.4548859763759388,855.0757327214409,230315.79775268046,2,1,5,1701.4128514617285,0
2023,6,22.68,102.6,1,0.4279267260484106,964.1850274550815,228946.38004913903,4,1,6,1482.6316395495573,0
2023,7,23.20967741935484,45.800000000000004,1,0.3626006054389527,728.9418105204865,169235.781336605,4,1,9,1743.588174606483,0
2023,8,23.364516129032257,60.9,1,0.41094992119447044,749.8309306411882,208450.56109679714,2,1,9,1816.3163065450617,0
2023,9,23.09,87.9,1,0.46994519404894297,883.1404376006572,218259.34809234831,2,1,4,1998.5827848942831,0
2023,10,23.296774193548387,175.5,1,0.5851497645080492,1138.330650699007,294993.28705525975,2,1,4,1593.9703336003463,0
2023,11,22.206666666666667,279.0,1,0.804040594334196,1508.3155352975978,297491.6426792101,5,0,1,1249.0432526187537,0
2023,12,23.112903225806452,55.5,1,0.3657287311510355,797.1089231696154,214112.07702631323,2,1,5,1676.6863605847882,0
2024,1,24.603225806451615,15.9,1,0.3922712445018184,682.1162632526346,215049.0493865013,1,0,9,1295.219319985735,0
2024,2,25.489655172413794,41.7,1,0.36578991592947885,775.8377030360374,220841.66344807792,2,0,4,1395.812034844888,0
2024,3,25.893548387096775,42.900000000000006,1,0.3429120013093662,662.6605451108433,206393.1660004849,1,0,3,1463.0239290445897,0
2024,4,23.256666666666668,153.0,1,0.5841752579590603,1047.3983700654496,201319.05368358738,2,1,1,1784.8238985187286,1
2024,5,23.60967741935484,72.8,1,0.3815186667187821,774.6284163471353,207438.71697956297,0,1,3,1347.0464991028005,0
2024,6,23.666666666666668,31.7,1,0.32758114940040156,677.1678066816113,181790.4768349535,0,0,2,1332.602357473882,0
2024,7,22.729032258064517,105.30000000000001,1,0.5057650616020084,875.1479265660719,182502.36795759134,4,0,9,1235.971393999062,0
2024,8,22.299999999999997,125.7,1,0.5393722061399815,1016.7035537022922,246672.93873260941,0,1,5,1898.5919490831047,0
2024,9,23.123333333333335,111.0,1,0.4806148422324258,928.0313987734985,235980.45169987692,3,0,1,1754.8043394848487,1
2024,10,22.870967741935484,143.9,1,0.5135536635067321,970.2197012596349,174016.35075972846,4,0,0,1231.957172494101,1
2024,11,22.603333333333335,147.6,1,0.5312212601054879,1002.9790687710662,226557.78637683147,4,0,8,1222.6338445104916,0
2024,12,23.42258064516129,58.0,1,0.3709508152319652,784.0616524553191,242595.9737734232,2,1,9,1646.939437180045,0
2014,1,24.990322580645163,6.0,2,0.29901776421309856,578.3086060225187,232993.01355191693,1,0,7,1426.027521029369,0
2014,2,26.12857142857143,11.9,2,0.3120593830178911,634.2092738324426,242154.70433600975,5,1,1,1677.381080345543,0
2014,3,24.970967741935485,95.0,2,0.4787144127342292,937.9018752130534,231054.38493376548,5,0,0,1547.6833405447724,1
2014,4,22.94333333333333,134.6,2,0.5282908366205145,959.5644230051695,201413.794001339,3,1,1,1938.6500498482037,1
2014,5,22.4741935483871,150.5,2,0.6064796447718138,966.6131633182449,194818.08824471777,0,1,7,1430.2472119690942,0
2014,6,22.516666666666666,81.6,2,0.4216287423808344,693.2075661729732,215794.75243634856,0,0,7,1743.3162947511148,0
2014,7,22.44193548387097,80.1,2,0.4274243663803934,787.1865630958467,224353.32607862266,1,1,8,1243.2434492948794,0
2014,8,21.725806451612904,127.4,2,0.44838091303588284,868.497424786327,258099.72733105812,0,1,0,1964.6884273511403,0
2014,9,22.256666666666668,136.2,2,0.4784898676418189,915.4334645733336,256234.06667612918,5,1,1,1984.6059743266817,0
2014,10,22.55806451612903,137.9,2,0.513205462243768,922.2285613987134,219811.42521596194,1,1,9,1791.2597032131298,0
2014,11,23.06,89.2,2,0.44766767511912753,799.6694617670581,176647.38057553858,1,1,9,1572.1699772508584,0
2014,12,24.019354838709678,10.7,2,0.3060610270839053,609.0534733349753,189247.85415001947,5,1,7,1375.994751461809,0
2015,1,25.606451612903225,0.0,2,0.28820371632201386,527.8922393791673,206780.57305916524,4,0,1,1850.013072198372,0
2015,2,26.764285714285712,4.8,2,0.2376486701000378,502.83571652215335,197985.7885315187,1,0,0,1789.0832777176179,0
2015,3,26.574193548387097,63.6,2,0.3376789489864974,646.2847808837952,197236.92697030943,2,1,0,1377.5632316487593,0
2015,4,22.633333333333333,145.9,2,0.5215712907666396,902.2348641297929,229765.3335794804,3,0,6,1560.9722353258126,0
2015,5,22.258064516129032,175.2,2,0.6035062507375425,1047.6003535463046,218689.29604138606,3,1,8,1570.239150253428,0
2015,6,22.086666666666666,129.5,2,0.4580487096687377,907.0141055558637,203719.14593270788,5,0,6,1861.1284399781673,0
2015,7,22.65806451612903,63.6,2,0.41727766683582296,802.9012912819175,223575.6883316566,5,1,2,1747.0757474672612,0
2015,8,23.461290322580645,47.9,2,0.39041638734149464,690.086691749339,193147.15793607096,5,0,7,1714.5340348320442,0
2015,9,23.936666666666667,59.5,2,0.3930844200442582,753.985701142175,217641.98776072456,0,1,0,1719.8619380506227,0
2015,10,23.17096774193548,232.4,2,0.6869897286055001,1215.1258893280592,255406.19183180842,1,0,8,1416.3760635059832,0
2015,11,22.053333333333335,157.0,2,0.5504071769952819,958.2251971298788,192475.14573764306,3,1,8,1497.3690078636273,0
2015,12,22.86774193548387,67.3,2,0.36820130316298855,688.1065151475769,190611.2874958438,0,0,7,1236.5298283493648,0
2016,1,24.44193548387097,26.1,2,0.30042497816976693,570.8337616865075,241009.68655176932,2,1,8,1829.552908649699,0
2016,2,26.341379310344827,8.1,2,0.3017167977209707,625.1735888189144,176858.39827520866,0,0,5,1546.398572135851,0
2016,3,26.787096774193547,21.0,2,0.28945662756789997,532.1855415958214,143010.69372951752,5,0,4,1550.5906856700587,0
2016,4,23.206666666666663,164.1,2,0.5763704006771151,1064.7014830405635,179320.76404596973,0,0,3,1396.2850119469012,1
2016,5,22.635483870967743,138.4,2,0.5048682499073969,909.3441825367133,223620.83300023712,0,0,9,1367.541825167543,0
2016,6,22.576666666666664,73.6,2,0.4105049238907967,792.4151923701841,214320.73373059568,1,0,6,1670.2575436552233,0
2016,7,22.57741935483871,73.4,2,0.40693584718227876,768.9795874868934,207990.04133619784,0,1,1,1386.0424121629405,0
2016,8,22.690322580645162,100.9,2,0.5037992040389331,845.1250399933316,254035.6980673216,3,1,9,1251.3670812523715,0
2016,9,23.426666666666666,84.9,2,0.43667665138892536,789.6232890592355,132984.83013165073,2,1,0,1814.0059327847187,0
2016,10,24.103225806451615,47.9,2,0.3687203104952627,651.3495735677654,214502.111150604,5,1,5,1501.1755475250927,0
2016,11,23.826666666666664,105.9,2,0.4904228534284918,877.7205387758061,267060.7891561717,1,0,1,1504.1884671194434,0
2016,12,25.296774193548387,6.6000000000000005,2,0.2971552914549493,525.0738493624417,164656.35596998586,3,0,6,1545.054625212633,0
2017,1,25.65806451612903,4.6,2,0.3342000215780862,497.4720544816789,186693.8915854826,3,0,4,1852.035858726475,0
2017,2,25.021428571428572,23.2,2,0.4070016508929888,568.8123584116585,178025.3740132169,3,0,4,1456.6695167518537,0
2017,3,24.74516129032258,36.2,2,0.3066745388223797,631.4453827209933,177411.0556869665,4,0,6,1806.4289690062687,0
2017,4,23.743333333333332,152.5,2,0.5853475448618326,1068.0187084029424,225653.63652154416,1,0,7,1951.6358726236344,0
2017,5,22.283870967741933,171.7,2,0.594132913867311,1061.890333391106,277775.78518182365,3,0,3,1728.6945567398395,0
2017,6,22.64333333333333,67.60000000000001,2,0.42924567662933305,741.0289646323798,264403.917435216,4,1,9,1545.3448649416198,0
2017,7,21.729032258064517,181.29999999999998,2,0.5498738223269183,1077.6459869701525,226133.50220640778,5,0,4,1798.2317785173318,0
2017,8,21.606451612903225,175.0,2,0.5944111399428677,1116.0642063391085,296436.94292906276,3,0,1,1566.3178958011085,0
2017,9,21.80666666666667,189.1,2,0.6015566509339452,1109.993090022713,239866.7415113558,3,1,0,1531.5418168865126,1
2017,10,22.55806451612903,121.7,2,0.4893941191930647,882.6319412125451,273221.28609803604,5,1,2,1620.2265308581466,0
2017,11,21.886666666666667,118.5,2,0.47799095784308226,931.8996304432955,221753.0109458589,3,0,6,1454.177867847435,0
2017,12,23.532258064516128,8.700000000000001,2,0.3633256468890959,595.8987462931685,201603.6344848378,5,0,5,1283.4001730240009,0
2018,1,24.38064516129032,14.1,2,0.3386962611291918,643.24475141625,214327.04009903665,0,0,3,1531.881604420932,0
2018,2,25.8,13.600000000000001,2,0.2707177641836791,556.1455014319553,298857.25049558247,2,0,4,1299.0855049034415,0
2018,3,22.548387096774192,116.1,2,0.45345497082780023,825.3085246674954,241563.2492187433,0,1,8,1528.3531788443574,0
2018,4,21.386666666666667,228.2,2,0.693130961815435,1171.713715262779,222519.1613224784,0,1,5,1645.5469769707602,0
2018,5,21.40967741935484,135.7,2,0.48662943700058897,999.2767430774019,259012.07555446785,2,0,0,1944.5689449645174,0
2018,6,21.06,101.7,2,0.5085356639224929,923.758122696055,213045.67370315417,1,0,0,1228.9778648362428,1
2018,7,20.98709677419355,65.3,2,0.39061464067314244,721.254418358614,193007.84798165286,2,0,4,1697.1667252015554,0
2018,8,21.6,143.2,2,0.5371046114747143,951.80468528495,253402.41561955935,2,0,4,1566.1881493200617,0
2018,9,22.453333333333333,89.1,2,0.4488493253332526,863.8633639776392,220041.6367513457,3,1,8,1216.2089025633113,0
2018,10,22.416129032258063,151.3,2,0.5820582364429531,956.5864383391216,234884.1925024839,5,0,5,1399.6385407509763,0
2018,11,22.95,156.5,2,0.5428980174338844,966.3311191599075,227726.04618875135,5,1,7,1294.7882018838413,0
2018,12,23.448387096774194,47.1,2,0.37249819714753757,703.2333256197983,216356.15984774692,2,1,5,1373.4353165851558,0
2019,1,25.17096774193548,11.5,2,0.335285697039176,552.1845569498605,212778.5801887507,1,1,3,1419.6561947687346,0
2019,2,26.017857142857142,20.0,2,0.28814578137379965,568.0967972884552,147428.02151619966,4,1,6,1521.045068305757,0
2019,3,26.138709677419353,26.5,2,0.28930074501205927,577.3936248312576,226882.21843188338,0,0,6,1623.2315147911122,0
2019,4,24.423333333333336,140.3,2,0.5501744321522739,973.9194396189481,200569.63924127351,3,1,7,1200.7919951411088,0
2019,5,22.470967741935485,167.3,2,0.557600345067578,1089.8301726607972,193917.43974608142,2,1,1,1329.4954885029927,1
2019,6,21.52,167.4,2,0.5796384068346278,1044.0157130144335,231768.9197253942,1,0,6,1274.8531084870406,0
2019,7,21.345161290322583,171.2,2,0.5708107020510331,1073.0015570343594,238359.5546621824,3,0,2,1639.738719410195,1
2019,8,21.51290322580645,176.4,2,0.661762175830848,1005.5225633959888,209636.62013451068,1,1,7,1463.2598963210157,0
2019,9,21.96333333333333,164.4,2,0.5400978488070398,1019.0814132528825,256457.4687902698,1,1,7,1638.7181888277746,0
2019,10,21.351612903225806,294.6,2,0.8094386165359533,1393.6031688370463,221222.9985158365,3,1,6,1377.4586417397422,0
2019,11,21.77,173.0,2,0.6034013304870509,1012.7686714171455,218813.18125019487,1,0,9,1219.383483270068,0
2019,12,21.76774193548387,130.9,2,0.5197858670703314,896.0604601319246,204138.61276256395,4,1,5,1953.0935210161974,0
2020,1,23.358064516129033,62.5,2,0.43741099538907646,722.1091556766656,206371.11434395306,0,1,0,1286.6464969511953,0
2020,2,24.489655172413794,34.6,2,0.3222261967535024,663.8875140289562,213925.20552380264,2,1,6,1301.4869983693734,0
2020,3,24.074193548387097,123.3,2,0.5166991498903823,857.6112825584106,188743.081857902,4,0,7,1317.2374612081123,0
2020,4,23.43,133.5,2,0.5490167435647942,947.6810774611903,247542.96652058206,1,1,1,1985.0212191946182,1
2020,5,22.403225806451612,108.0,2,0.4758242551230981,841.3812938915615,219200.57456136594,4,0,1,1694.1281921359969,0
2020,6,22.276666666666664,83.6,2,0.4316888287732231,773.4005195454638,155113.65396427977,4,1,2,1688.2319613630805,0
2020,7,21.625806451612902,106.6,2,0.4699761355714401,895.6039483715915,162890.5726578164,5,0,8,1989.3585612148236,0
2020,8,22.016129032258064,119.4,2,0.5075005963381144,920.2755910695666,223252.468497686,1,1,5,1270.751015419724,0
2020,9,22.14333333333333,112.7,2,0.4468894409197153,917.3135512615995,216756.06456733734,4,1,9,1979.6007140338313,0
2020,10,21.76451612903226,250.1,2,0.7055083488521936,1278.7230721736373,249195.24236665198,5,1,8,1363.2105172432327,0
2020,11,21.94,197.8,2,0.6234302936030353,1101.6921783020578,237295.90056825808,4,0,5,1698.4572028496284,0
2020,12,22.416129032258063,14.9,2,0.36902555013246024,587.0041070524934,203727.12374950488,1,0,6,1536.0668522422334,0
2021,1,23.570967741935487,10.7,2,0.30437471878891514,575.7630819754987,224490.5348534889,4,1,3,1507.1614507817426,0
2021,2,24.985714285714288,6.7,2,0.30001090273866493,553.931285562009,165909.92724600542,0,1,0,1944.99466278357,0
2021,3,24.23548387096774,53.9,2,0.4293730915109391,666.3033282841805,169322.5378305493,3,0,3,1319.3821827522052,0
2021,4,22.413333333333334,169.3,2,0.6089233254316796,1057.547383582594,201804.07494998607,2,0,5,1997.655208860995,0
2021,5,21.629032258064516,123.0,2,0.5246864860752045,922.0358737160927,232430.36991234863,3,1,1,1503.300048873239,1
2021,6,22.153333333333332,44.9,2,0.3712056947865013,772.3114646252825,249133.33852941598,3,1,2,1719.0199231108436,0
2021,7,21.896774193548385,56.4,2,0.3750525551964562,776.5903456981789,199187.044508669,0,0,0,1974.325385186688,0
2021,8,22.4,111.2,2,0.5236957230027002,848.9797775664326,142867.38688052498,3,0,7,1246.08084030318,0
2021,9,21.92,197.7,2,0.6019417736093048,1111.3379923087996,187787.2535063927,5,0,8,1938.2914903401524,0
2021,10,23.1,122.7,2,0.44219784795746375,828.8724690017342,191318.69583625838,2,0,8,1654.2491082834747,0
2021,11,24.486666666666668,20.5,2,0.2912229353088964,559.0960613887714,180429.1516195786,1,1,3,1763.5175031819617,0
2021,12,24.700000000000003,28.8,2,0.2801234407921409,611.0620270692311,190133.3033478967,5,1,5,1319.3473471090788,0
2022,1,24.874193548387098,22.2,2,0.29601153682877457,633.5448521850402,206211.9896061662,0,1,9,1626.7099446648258,0
2022,2,25.571428571428573,7.7,2,0.2637479602105012,504.6404006699527,188875.98498606568,2,1,5,1738.810971780195,0
2022,3,25.548387096774192,25.8,2,0.32938234553735474,572.7625439722763,235043.12731795525,3,1,2,1564.9978459101453,0
2022,4,23.483333333333334,162.1,2,0.5759963925718385,940.1581512699805,204932.1329311574,2,1,3,1323.9881424848454,1
2022,5,22.448387096774194,115.3,2,0.5062718637972834,881.625717005364,194660.5185761628,5,1,7,1395.2952600684612,0
2022,6,22.06,63.5,2,0.40163962944610004,684.7461070474227,219145.95471940766,2,0,4,1883.5142327947988,0
2022,7,22.419354838709676,82.8,2,0.4601060811383472,771.8550419348364,165679.14125700336,5,1,8,1227.5767942662103,0
2022,8,21.351612903225806,152.8,2,0.5719113153017777,966.499758151805,239010.73181174448,0,1,8,1767.08966275265,0
2022,9,21.67,124.39999999999999,2,0.5518085088154006,920.7728451624931,226738.42312478746,4,0,0,1999.5120292116214,1
2022,10,23.1,48.5,2,0.40162533585719845,619.4292597908695,195131.06608572454,3,0,7,1205.9863968854133,0
2022,11,22.186666666666667,120.0,2,0.4996170606762679,839.2041030752159,264784.61146049516,1,0,3,1328.8365462559518,0
2022,12,22.703225806451613,28.8,2,0.4018906842681582,725.7378844495547,189392.80739712284,1,0,5,1739.3154407145075,0
2023,1,24.787096774193547,2.5,2,0.2888934125319747,483.1251410030581,254394.44026693475,4,0,2,1247.9926676682785,0
2023,2,26.150000000000002,6.299999999999999,2,0.3162294446159675,497.54820493457987,193790.91291792342,3,1,3,1671.8319870846872,0
2023,3,23.138709677419353,188.5,2,0.5654178770364602,1162.3526989317659,204677.72256543444,3,1,3,1747.2000828488449,1
2023,4,22.823333333333334,155.9,2,0.5311510387070891,1113.2987930697184,241161.49087542223,0,0,0,1670.5170784912561,1
2023,5,23.293548387096774,81.0,2,0.449089553451925,738.3649955705391,176781.84363608007,3,1,7,1492.1477624168538,0
2023,6,22.68,102.6,2,0.49898141658585476,839.4652613922104,194604.5454769718,5,1,1,1757.825836789311,0
2023,7,23.20967741935484,45.800000000000004,2,0.3399591882948868,678.1507732140617,216163.06085758968,0,1,3,1675.4355424110563,0
2023,8,23.364516129032257,60.9,2,0.3742236628065542,781.6657993061651,229200.72660399694,2,1,1,1366.1097376751359,0
2023,9,23.09,87.9,2,0.42947660561278395,757.1194932346809,191904.5284511467,2,1,1,1650.5084348680878,0
2023,10,23.296774193548387,175.5,2,0.6464200261055264,1070.8656886819488,265291.4094459479,5,1,3,1905.525773711142,0
2023,11,22.206666666666667,279.0,2,0.8340102555051597,1426.797374381993,298869.02269119344,1,0,9,1733.46662855236,0
2023,12,23.112903225806452,55.5,2,0.3713210537141346,715.5377537808804,250332.07299936915,2,0,9,1577.4332059150777,0
2024,1,24.603225806451615,15.9,2,0.3452926307187403,571.4665346027805,214615.85401425214,4,1,3,1457.267282295561,0
2024,2,25.489655172413794,41.7,2,0.3665239386017752,644.9378163085557,249946.1625293244,0,0,5,1268.7089675500583,0
2024,3,25.893548387096775,42.900000000000006,2,0.3717910055877564,596.6438769327287,150775.29925088043,4,1,9,1395.701706207223,0
2024,4,23.256666666666668,153.0,2,0.5360489069216354,981.7885170054794,219005.8849015845,4,0,2,1208.9494024695016,1
2024,5,23.60967741935484,72.8,2,0.4812314299589653,763.7147240753067,185087.02023632175,4,0,9,1989.3007340199715,0
2024,6,23.666666666666668,31.7,2,0.37258263294305527,648.312380155942,205441.76624629713,3,1,1,1377.985801702992,0
2024,7,22.729032258064517,105.30000000000001,2,0.5057669253025825,840.7677835259893,200117.94610617703,4,0,2,1851.9007541482981,0
2024,8,22.299999999999997,125.7,2,0.5175269913799972,936.37043300378,219924.89938181042,4,0,3,1334.9159054439829,1
2024,9,23.123333333333335,111.0,2,0.4935561328340269,914.0762672509763,279591.3477861996,5,0,0,1426.880919684459,0
2024,10,22.870967741935484,143.9,2,0.5714912477172359,985.4153421098846,223741.6334761794,2,0,8,1534.6218553826934,0
2024,11,22.603333333333335,147.6,2,0.578671059934927,1004.6723690044215,242787.55903606015,2,0,8,1459.5245313132841,0
2024,12,23.42258064516129,58.0,2,0.41147561513352876,718.5696931311486,200517.49555276483,3,1,3,1838.680650207889,0
2014,1,24.990322580645163,6.0,3,0.2960922934268822,633.4310428968827,207897.49497368146,1,0,8,1966.1547264123385,0
2014,2,26.12857142857143,11.9,3,0.319099514288006,617.1115213064392,210192.2792604544,5,0,7,1900.2355869206788,0
2014,3,24.970967741935485,95.0,3,0.4601243200329684,917.9518843316617,241740.71143540516,4,0,8,1322.8622935582052,0
2014,4,22.94333333333333,134.6,3,0.5469323410448725,1034.210798167245,267696.08991979493,3,1,8,1821.3509410794322,0
2014,5,22.4741935483871,150.5,3,0.5474387340883552,1161.7309123740533,292360.2929180241,1,0,5,1318.3575306437692,0
2014,6,22.516666666666666,81.6,3,0.42713254757282343,932.5965201611796,233896.3240701694,2,1,1,1930.704885249681,1
2014,7,22.44193548387097,80.1,3,0.45410442875629453,889.4377505194713,238841.42662262576,2,0,9,1614.3028605348627,0
2014,8,21.725806451612904,127.4,3,0.5526250933133154,991.2877993965268,194777.08867615514,3,1,6,1469.1048704453653,0
2014,9,22.256666666666668,136.2,3,0.5370205968035457,994.6322799520498,226934.28012369535,4,0,9,1325.6203978673543,0
2014,10,22.55806451612903,137.9,3,0.5233073410127959,1086.9104802177162,265161.522363925,4,0,9,1209.4472705432038,0
2014,11,23.06,89.2,3,0.4577680219337357,908.3629353763291,248648.09398262092,5,1,1,1398.3575933287077,1
2014,12,24.019354838709678,10.7,3,0.31891941659832324,678.9992821958068,210765.00875306444,5,0,4,1931.2160506250495,0
2015,1,25.606451612903225,0.0,3,0.32178273665404866,551.4223284043438,228737.86312390218,4,1,1,1837.8097538177822,0
2015,2,26.764285714285712,4.8,3,0.2914967635252117,651.9548423959278,230700.81723291732,2,0,0,1975.8349662005755,0
2015,3,26.574193548387097,63.6,3,0.35941398891851145,801.930021607354,263034.55721830344,3,0,9,1280.6092168970983,0
2015,4,22.633333333333333,145.9,3,0.5521511856396217,1023.5006881056304,240560.82975716377,2,1,9,1673.7429948045356,0
2015,5,22.258064516129032,175.2,3,0.5982766243626562,1136.144554801122,230220.6149169587,3,1,9,1405.7203792246214,0
2015,6,22.086666666666666,129.5,3,0.5490270342968189,1036.5293582536294,242997.58636828107,4,1,8,1634.353364617926,0
2015,7,22.65806451612903,63.6,3,0.4343222269022439,828.9178997952457,128395.60070803636,2,1,6,1456.363908450764,0
2015,8,23.461290322580645,47.9,3,0.37633756622101777,758.486982224486,222165.53066951036,3,0,5,1426.772440194686,0
2015,9,23.936666666666667,59.5,3,0.3675578588583259,792.4003867251821,103939.64618157105,0,0,9,1659.076241619678,0
2015,10,23.17096774193548,232.4,3,0.7234349669954248,1325.473954760675,204334.01415869145,4,1,5,1346.6545294956322,0
2015,11,22.053333333333335,157.0,3,0.5239814166953656,1093.3194852830313,251018.616850872,2,0,6,1575.3067495776936,0
2015,12,22.86774193548387,67.3,3,0.41175536161202925,888.158847193658,235378.5878934965,2,1,2,1720.6498120352278,1
2016,1,24.44193548387097,26.1,3,0.3621318267168674,605.2102862971634,165753.63691893002,3,0,7,1302.5456585462432,0
2016,2,26.341379310344827,8.1,3,0.26842836237126033,610.0960234385549,189151.51717044035,1,1,8,1944.4754167015233,0
2016,3,26.787096774193547,21.0,3,0.34928922266050116,679.5730492498227,259417.5574693775,3,0,6,1604.5797595632998,0
2016,4,23.206666666666663,164.1,3,0.6091923766810097,1142.3700323821097,226868.6986433885,4,0,4,1855.6223775074736,0
2016,5,22.635483870967743,138.4,3,0.5665667334153176,1038.6159965620666,300376.8890970549,2,1,1,1723.1243444968507,0
2016,6,22.576666666666664,73.6,3,0.4445809974618041,784.6279877297208,212712.64342308728,0,0,0,1768.0007529780364,0
2016,7,22.57741935483871,73.4,3,0.42387224876984114,861.3040537698396,231145.4096080252,2,0,6,1772.9047527942703,0
2016,8,22.690322580645162,100.9,3,0.46979147153210676,999.8040098165222,278490.55274028,1,1,6,1900.0799176491782,0
2016,9,23.426666666666666,84.9,3,0.4719782800437202,830.0115876067933,220331.74049434604,2,1,7,1690.8843480375392,0
2016,10,24.103225806451615,47.9,3,0.3887311511360999,807.6192192274673,185055.34714973142,3,0,9,1422.5737213771117,0
2016,11,23.826666666666664,105.9,3,0.45510406076292476,925.6627690942844,220761.19797671403,0,1,4,1279.6077142923657,0
2016,12,25.296774193548387,6.6000000000000005,3,0.24222099386053098,613.8616905669411,204524.4841273945,4,1,8,1685.0004955601132,0
2017,1,25.65806451612903,4.6,3,0.232206163258208,563.303952210595,162412.3891914458,1,1,7,1253.0822430164649,0
2017,2,25.021428571428572,23.2,3,0.3353373735050205,674.5740963761654,201398.1084270114,5,0,2,1393.0347613516242,0
2017,3,24.74516129032258,36.2,3,0.35459240813167536,780.440775695203,193895.30568730604,4,1,8,1248.5657476815293,0
2017,4,23.743333333333332,152.5,3,0.5352029944096233,1102.6396677927182,265941.9061390405,1,1,0,1639.1100712052537,0
2017,5,22.283870967741933,171.7,3,0.5963153584121047,1214.959631530352,248235.1267479858,3,0,5,1328.2704999542943,0
2017,6,22.64333333333333,67.60000000000001,3,0.3949921624185054,872.1166840749821,211285.46225157147,0,0,9,1688.3258555467787,0
2017,7,21.729032258064517,181.29999999999998,3,0.6462261703924449,1202.2038780652395,242990.85232654188,0,0,6,1832.692104690614,0
2017,8,21.606451612903225,175.0,3,0.6043610950477121,1226.0882693513483,254780.72210029286,5,1,9,1857.5045766174899,0
2017,9,21.80666666666667,189.1,3,0.6488051350188493,1222.4738266455097,266302.33212233416,4,0,0,1447.634806510102,0
2017,10,22.55806451612903,121.7,3,0.5373693783570415,1036.1029003693177,202896.86516946397,0,0,5,1639.1636261555968,0
2017,11,21.886666666666667,118.5,3,0.45687681155288906,958.9727651148012,195470.19223054594,1,1,7,1650.4086080690872,0
2017,12,23.532258064516128,8.700000000000001,3,0.3405620287914477,664.1030010621254,236268.61654704594,1,0,6,1578.3097457233332,0
2018,1,24.38064516129032,14.1,3,0.2632958255266312,620.8191932259786,189198.65509838797,2,1,8,1724.091113139812,0
2018,2,25.8,13.600000000000001,3,0.3050328617343793,688.2157756944307,171551.99927764822,1,1,4,1368.069699058827,0
2018,3,22.548387096774192,116.1,3,0.5393915626630892,942.4578836646549,238711.01197466554,1,1,6,1983.3945916694354,0
2018,4,21.386666666666667,228.2,3,0.6587222373312461,1336.9332446864032,270855.75375589286,3,0,4,1278.463861672746,0
2018,5,21.40967741935484,135.7,3,0.5193335361979009,1024.9465783494868,186074.26855025772,1,1,8,1863.3769129624952,0
2018,6,21.06,101.7,3,0.466193143816613,978.4803866739995,235162.88239782816,5,1,1,1675.2767895609502,1
2018,7,20.98709677419355,65.3,3,0.45352917904192264,866.8660730521501,241416.7786170232,4,1,2,1395.8837977549726,1
2018,8,21.6,143.2,3,0.5364792527278606,1129.292181914553,251574.96810435213,4,1,0,1796.54000052824,0
2018,9,22.453333333333333,89.1,3,0.4278369056882247,917.854619142336,242387.81404422875,1,1,7,1267.5847165416576,0
2018,10,22.416129032258063,151.3,3,0.5431446625340669,1015.8343483244134,189138.6749232306,4,0,2,1819.5342675590264,1
2018,11,22.95,156.5,3,0.5353947861144013,1086.7128687087152,246868.23414658307,5,1,3,1671.9881777944108,1
2018,12,23.448387096774194,47.1,3,0.38465146187675514,723.7877106495567,198824.42406785113,1,1,8,1288.6002547171213,0
2019,1,25.17096774193548,11.5,3,0.34698240743223224,640.2683463898576,192592.60165912664,4,0,3,1263.6044504738961,0
2019,2,26.017857142857142,20.0,3,0.2925198685067688,719.5848005305652,243772.73803932272,2,1,1,1800.66906674917,0
2019,3,26.138709677419353,26.5,3,0.31124993052525507,705.5392139644523,261514.92082447984,4,0,0,1434.3487252030698,0
2019,4,24.423333333333336,140.3,3,0.5685697886866495,1027.4996125865014,288147.73731159756,2,1,2,1911.4414806137706,0
2019,5,22.470967741935485,167.3,3,0.5948296352299439,1093.6727557016902,276938.05660131236,4,1,9,1809.6584168241409,0
2019,6,21.52,167.4,3,0.6134189745603359,1141.3595358734742,238016.73742097244,0,1,5,1758.552195774173,0
2019,7,21.345161290322583,171.2,3,0.6387590801415488,1108.4878778575426,249260.6351193937,2,1,9,1422.8848421067607,0
2019,8,21.51290322580645,176.4,3,0.5891487333182616,1128.421568689938,263278.41164872237,1,1,2,1767.1556152172943,0
2019,9,21.96333333333333,164.4,3,0.5959044928086855,1139.7742864949782,244817.2813985821,1,0,3,1958.5181476118673,1
2019,10,21.351612903225806,294.6,3,0.8040951507280347,1561.4635864530014,278840.01255358645,1,1,1,1273.2478674964552,0
2019,11,21.77,173.0,3,0.614264135164649,1178.6522592286951,269004.77469458105,2,0,3,1460.9301136028528,0
2019,12,21.76774193548387,130.9,3,0.5304472510430265,932.2551547593067,222801.93299996655,0,0,5,1387.7378123692754,0
2020,1,23.358064516129033,62.5,3,0.4266171565675125,833.932375921787,194835.98198253312,4,1,8,1514.6001075205334,0
2020,2,24.489655172413794,34.6,3,0.33344701845911084,723.0207668780489,197855.74523723713,3,0,3,1793.8661238831571,0
2020,3,24.074193548387097,123.3,3,0.5184261386623743,1017.262464416846,250769.27622729543,4,1,7,1579.3940651403093,0
2020,4,23.43,133.5,3,0.5853139970810736,1111.5151461806934,239011.01043045413,4,1,6,1656.584484896197,0
2020,5,22.403225806451612,108.0,3,0.446876691792179,859.0560362557868,228930.78220651307,0,1,2,1451.323910462674,0
2020,6,22.276666666666664,83.6,3,0.48816163438490284,869.3269130981495,239648.53031391764,0,0,9,1313.0314136696804,0
2020,7,21.625806451612902,106.6,3,0.4850412276165192,973.1711809870128,216608.45059203275,2,0,4,1413.546919150183,0
2020,8,22.016129032258064,119.4,3,0.4911053064455861,920.0903757458409,246294.67496856145,2,1,1,1887.7442409935898,1
2020,9,22.14333333333333,112.7,3,0.4873098288722588,1024.5034703741408,243325.55573368308,1,0,9,1681.9335697227284,0
2020,10,21.76451612903226,250.1,3,0.7368119272359748,1398.5504024691418,224839.639590187,4,0,9,1502.390938557787,0
2020,11,21.94,197.8,3,0.6032568087331541,1246.8629618440052,293018.18068310776,3,1,0,1831.92478538847,0
2020,12,22.416129032258063,14.9,3,0.30623391762473307,643.8049886168709,186482.0567766422,4,0,9,1251.565945963927,0
2021,1,23.570967741935487,10.7,3,0.2898939945929589,683.791305766859,155050.4441657932,0,0,9,1403.1128703379086,0
2021,2,24.985714285714288,6.7,3,0.3008793462619969,679.3895116227691,177928.4210708039,4,0,8,1384.0825232458715,0
2021,3,24.23548387096774,53.9,3,0.42589684159546554,807.4728621067072,185143.8935030256,1,0,2,1988.2916497345777,0
2021,4,22.413333333333334,169.3,3,0.6077192654450804,1152.464375131795,243762.34957026958,2,1,6,1764.8788659142083,0
2021,5,21.629032258064516,123.0,3,0.4676560414086858,996.1331017841976,221475.13297634872,2,1,5,1694.2287491108434,0
2021,6,22.153333333333332,44.9,3,0.40827342537948275,737.7207768145923,198912.7031159496,4,0,6,1203.9879722355784,0
2021,7,21.896774193548385,56.4,3,0.36435901609145743,781.9291174081459,231145.38835712604,1,1,6,1347.4480016718858,0
2021,8,22.4,111.2,3,0.5015897959376592,959.8985972735263,236988.14861766322,1,1,6,1708.4330343784627,0
2021,9,21.92,197.7,3,0.6351279757275778,1237.6467070827362,258493.1726859475,2,0,5,1503.7754611853325,0
2021,10,23.1,122.7,3,0.5075239047013294,1036.5227010771334,245216.66980603145,2,1,6,1939.4243069432487,0
2021,11,24.486666666666668,20.5,3,0.3350038627403665,643.0389419999631,222360.4887333975,1,1,5,1811.7793753134065,0
2021,12,24.700000000000003,28.8,3,0.3136327521351772,693.0120242180928,145702.36168412413,1,0,0,1557.907258243296,0
2022,1,24.874193548387098,22.2,3,0.3304105952572055,744.4104118867466,202990.65312494137,1,1,0,1799.6119820306162,0
2022,2,25.571428571428573,7.7,3,0.2515172343208186,589.9127723626373,139643.8627114696,2,1,9,1980.3234590609773,0
2022,3,25.548387096774192,25.8,3,0.353489271023497,662.7922436315655,211847.11277833005,2,0,9,1568.7846597611765,0
2022,4,23.483333333333334,162.1,3,0.5856235977998481,1126.5518868035251,239985.16177755166,2,1,5,1714.0207103108266,0
2022,5,22.448387096774194,115.3,3,0.4977986220433246,1008.8875540227331,262076.97256550906,4,1,1,1934.931692049036,0
2022,6,22.06,63.5,3,0.4521164730631084,832.3645439316817,252218.19529616815,1,1,7,1398.9397296289385,0
2022,7,22.419354838709676,82.8,3,0.4211151783647055,924.015536917214,230004.49440094817,5,0,1,1909.2463309330228,1
2022,8,21.351612903225806,152.8,3,0.5621493619063296,1122.439127664883,224784.29789128364,4,1,3,1278.035765418386,1
2022,9,21.67,124.39999999999999,3,0.5174839127813313,1037.4405363003245,247550.0762803981,1,0,3,1718.7585364701172,1
2022,10,23.1,48.5,3,0.40079806259367595,801.1766386213894,198256.60196998174,1,1,0,1826.2705240446276,0
2022,11,22.186666666666667,120.0,3,0.4909358940635715,1077.9094520232377,236190.97661855855,1,1,8,1691.6849754019408,0
2022,12,22.703225806451613,28.8,3,0.3283726488586913,699.8278868932885,235570.3204602861,1,0,5,1596.4278433220345,0
2023,1,24.787096774193547,2.5,3,0.31881137850304914,552.9783074650286,181440.60808848732,2,0,3,1693.877679940549,0
2023,2,26.150000000000002,6.299999999999999,3,0.24063889990607606,672.4344042228313,238715.11151510154,0,0,5,1321.3309670235556,0
2023,3,23.138709677419353,188.5,3,0.5799957866362215,1164.4633185429163,263479.10654420237,0,1,0,1372.4565682641746,0
2023,4,22.823333333333334,155.9,3,0.6093561899238801,1114.3946345412082,210507.816249372,2,0,4,1415.9194751650737,0
2023,5,23.293548387096774,81.0,3,0.4579001300829898,929.7746262096408,253598.79394329328,4,0,5,1678.2234725040305,0
2023,6,22.68,102.6,3,0.5675991460037668,900.2119219490959,242973.94411707282,1,1,3,1553.5208589960564,1
2023,7,23.20967741935484,45.800000000000004,3,0.36389339426843104,711.1246895066065,209947.75178170824,5,1,8,1395.5806739886716,0
2023,8,23.364516129032257,60.9,3,0.4882475550025488,772.1957088063333,188905.9529636771,2,0,2,1906.247465715664,0
2023,9,23.09,87.9,3,0.4565824712055807,862.4818495509801,193222.3674068113,5,1,1,1499.1374722345786,1
2023,10,23.296774193548387,175.5,3,0.5916622956043569,1171.35671271231,227578.6597098941,1,0,5,1556.8253753839128,0
2023,11,22.206666666666667,279.0,3,0.7475475628824013,1480.2543423675543,284698.1812881631,3,0,8,1527.7608612391957,0
2023,12,23.112903225806452,55.5,3,0.3548772545233071,793.786703320457,184834.18124359462,4,1,3,1345.554364221402,0
2024,1,24.603225806451615,15.9,3,0.31440231214403713,610.2568116262264,214962.04142095227,0,1,0,1785.3016123441867,0
2024,2,25.489655172413794,41.7,3,0.3680125538473674,647.8549470999169,172024.00576371056,5,1,9,1558.7666098150864,0
2024,3,25.893548387096775,42.900000000000006,3,0.3559310909298354,738.5776433881146,212431.89587336758,2,1,4,1213.0056879141748,0
2024,4,23.256666666666668,153.0,3,0.528604749283165,1059.732943229739,238068.06809559936,2,1,1,1971.2109618878376,1
2024,5,23.60967741935484,72.8,3,0.4018632086678867,858.4569532593533,292030.4606125158,3,0,6,1852.610889276331,0
2024,6,23.666666666666668,31.7,3,0.36649238159606895,754.7984193179943,169064.40387982855,3,1,3,1778.8474832734428,0
2024,7,22.729032258064517,105.30000000000001,3,0.40996615367747735,929.2920631759133,268503.80204877706,0,0,9,1895.273496414823,0
2024,8,22.299999999999997,125.7,3,0.48525604940510153,1027.7546980268874,236715.6482617694,5,1,2,1925.4458028844401,1
2024,9,23.123333333333335,111.0,3,0.5334874307192086,984.237243970688,241074.13705813393,3,1,5,1469.991765107551,0
2024,10,22.870967741935484,143.9,3,0.46117729421000586,1056.8283362773834,238096.70430383683,5,1,5,1688.766942733359,0
2024,11,22.603333333333335,147.6,3,0.5342011475906013,1038.595973552708,246429.48243007364,2,0,2,1687.0462473644752,1
2024,12,23.42258064516129,58.0,3,0.4075287937754444,797.5967413696978,209197.1861787153,3,1,4,1413.8397350484775,0
2014,1,24.990322580645163,6.0,4,0.2935594565232493,650.0445359976525,250576.68122676178,2,1,1,1377.5618011576537,0
2014,2,26.12857142857143,11.9,4,0.34359723278418636,695.6499732429419,202600.72067555084,5,0,6,1291.1258038552178,0
2014,3,24.970967741935485,95.0,4,0.4749084109458358,903.4833702788447,261100.54549736244,4,0,7,1727.4513567331624,0
2014,4,22.94333333333333,134.6,4,0.5213831809307895,1060.789880328082,215532.17681985587,5,1,9,1824.735192824624,0
2014,5,22.4741935483871,150.5,4,0.579506021707431,1086.496490655175,235112.1638603754,3,0,3,1808.762383613603,1
2014,6,22.516666666666666,81.6,4,0.4130455637440385,870.240218249647,187460.3408912652,4,1,2,1453.0203017479794,1
2014,7,22.44193548387097,80.1,4,0.48129714447183825,924.848140842075,237638.56287779158,2,1,5,1364.2078803721618,0
2014,8,21.725806451612904,127.4,4,0.5018938363047407,936.3739718688166,268263.6964573013,2,1,6,1562.8913427636976,0
2014,9,22.256666666666668,136.2,4,0.5241219491015501,992.9059274270352,227111.7887995372,4,1,9,1637.4507681924085,0
2014,10,22.55806451612903,137.9,4,0.5268733753012664,990.5528325122277,223337.65563986095,0,1,0,1935.2697023748447,1
2014,11,23.06,89.2,4,0.4242279206344078,803.9519672159508,180877.64848523826,4,0,2,1899.8585234192433,0
2014,12,24.019354838709678,10.7,4,0.29556225410708786,635.1614957358025,194030.91424584336,0,1,2,1932.846665041462,0
2015,1,25.606451612903225,0.0,4,0.226968418963611,632.2445045945277,160827.99064043252,3,0,2,1880.2099081087836,0
2015,2,26.764285714285712,4.8,4,0.28082693762893535,609.7666687386526,185216.42246895592,2,0,4,1971.664963549049,0
2015,3,26.574193548387097,63.6,4,0.4128478334504751,817.2006407452805,235050.60038483198,2,0,8,1572.399997735246,0
2015,4,22.633333333333333,145.9,4,0.5396931506221972,1117.2548808746515,278950.78640221397,2,0,0,1237.9787979464754,0
2015,5,22.258064516129032,175.2,4,0.5802923396076585,1212.2233829925658,331254.19647629035,2,0,8,1266.8496257187826,0
2015,6,22.086666666666666,129.5,4,0.49998254176274926,1018.0074809593399,213843.04592462018,2,0,6,1512.2209134178745,0
2015,7,22.65806451612903,63.6,4,0.4555093910532274,896.8244887183048,264804.9637968276,2,1,6,1406.1496730183978,0
2015,8,23.461290322580645,47.9,4,0.39543916663267314,789.095052146727,220440.17858378758,3,1,6,1335.9524730888538,0
2015,9,23.936666666666667,59.5,4,0.3730682718235542,774.2027884135284,207398.793670691,4,0,1,1962.5630196069187,0
2015,10,23.17096774193548,232.4,4,0.7062064156411749,1316.1141464239638,268266.96526570164,3,0,7,1356.335670728498,0
2015,11,22.053333333333335,157.0,4,0.5424880122808378,1043.0531790012114,235301.7488304957,3,1,2,1967.5034178521848,1
2015,12,22.86774193548387,67.3,4,0.43661733460047236,810.7380820503563,218170.91833239506,5,0,5,1808.6710722569655,0
2016,1,24.44193548387097,26.1,4,0.3853569378188228,710.0291657712627,196762.0157962558,5,1,6,1712.7565377001788,0
2016,2,26.341379310344827,8.1,4,0.2580730864366858,658.1125280429519,172412.60900119477,0,0,6,1740.8151680715027,0
2016,3,26.787096774193547,21.0,4,0.27337670489113564,728.0752663399924,175872.74910250466,4,1,3,1465.1794589272993,0
2016,4,23.206666666666663,164.1,4,0.5587949169928661,1069.629450302339,255167.70252262393,1,1,3,1717.1416304466256,0
2016,5,22.635483870967743,138.4,4,0.5599365639121388,1076.722303723599,227836.78159531654,1,1,4,1349.3536946250122,0
2016,6,22.576666666666664,73.6,4,0.48626108569154164,835.2848039607218,198940.11732717275,4,1,0,1950.1643460287837,0
2016,7,22.57741935483871,73.4,4,0.42004441732998793,875.5294445570852,220297.5243662614,0,1,7,1441.434671968475,0
2016,8,22.690322580645162,100.9,4,0.5244360734644777,951.3655918313949,249957.2149339804,5,1,0,1404.1492098348338,0
2016,9,23.426666666666666,84.9,4,0.4375758146137599,817.3147471697873,220796.09806437494,4,1,4,1768.930238555326,0
2016,10,24.103225806451615,47.9,4,0.37191728358678866,814.6594941067237,196007.24046156692,5,1,6,1725.1589744529456,0
2016,11,23.826666666666664,105.9,4,0.5040808800623855,938.8024713259271,261892.98637554265,4,1,0,1561.0391346746442,0
2016,12,25.296774193548387,6.6000000000000005,4,0.30135289222794953,622.2039004046163,253635.74808956022,5,1,9,1705.9569877526292,0
2017,1,25.65806451612903,4.6,4,0.300662900921657,592.672493515438,220540.8217215658,0,1,3,1327.594457408685,0
2017,2,25.021428571428572,23.2,4,0.36414520066551415,679.9290363802841,238711.3711078883,5,1,0,1738.662645921564,0
2017,3,24.74516129032258,36.2,4,0.38670780814639016,764.6949055686938,252160.19880152275,0,1,6,1416.488556156155,0
2017,4,23.743333333333332,152.5,4,0.5611243827505819,1089.0457770072792,271026.6416527177,1,1,5,1418.2687813411658,0
2017,5,22.283870967741933,171.7,4,0.6365340356655949,1180.3849266105385,262853.7694422218,0,1,6,1329.7439479550276,0
2017,6,22.64333333333333,67.60000000000001,4,0.38553241454652587,846.1648343406722,235643.59815950025,2,0,7,1465.9017080289318,0
2017,7,21.729032258064517,181.29999999999998,4,0.6184400150969355,1238.6367065697682,264680.75372597657,4,0,4,1465.0008482490625,0
2017,8,21.606451612903225,175.0,4,0.5914895611306554,1148.2636581241823,208940.9624135233,1,0,8,1563.3432093618153,0
2017,9,21.80666666666667,189.1,4,0.6408305244230803,1152.9530804726553,263257.9411436,4,0,3,1352.3356037330796,0
2017,10,22.55806451612903,121.7,4,0.5164188778282744,1048.8927958309223,193237.00453267715,3,0,5,1354.406028927013,0
2017,11,21.886666666666667,118.5,4,0.46584188985147557,969.7712758911132,203743.71841753743,3,1,1,1633.3908573305825,1
2017,12,23.532258064516128,8.700000000000001,4,0.2548117594016217,689.8054614231422,244291.388948094,5,0,6,1303.10192373638,0
2018,1,24.38064516129032,14.1,4,0.3344625577060382,694.9069263683484,232702.38479674543,2,0,2,1751.117606391068,0
2018,2,25.8,13.600000000000001,4,0.3196492376172376,657.2775058965982,256204.1491623037,2,0,6,1955.1577006900773,0
2018,3,22.548387096774192,116.1,4,0.42238700751385616,977.9453738355693,220085.39839622678,5,0,8,1541.4364973315026,0
2018,4,21.386666666666667,228.2,4,0.6611177977533563,1393.9040775506196,226944.86096574654,3,1,8,1920.8842505205414,0
2018,5,21.40967741935484,135.7,4,0.5800674800010581,1143.3777009820283,234257.10016645197,3,0,9,1278.6532729006915,0
2018,6,21.06,101.7,4,0.49226401966272754,951.7326871236901,229199.55388711244,1,0,1,1234.3661019005156,1
2018,7,20.98709677419355,65.3,4,0.3515267592511115,822.1438873275771,218141.17247640647,1,1,1,1777.095102011072,0
2018,8,21.6,143.2,4,0.6022599112976574,1128.7558155075133,274310.8796033021,1,0,9,1808.8172583851972,0
2018,9,22.453333333333333,89.1,4,0.38409315004654265,851.1797395228295,207256.266411723,1,1,3,1874.446592772601,0
2018,10,22.416129032258063,151.3,4,0.526307395774753,1096.4932694567167,248280.49571062508,1,0,0,1245.4541427199852,1
2018,11,22.95,156.5,4,0.5550170310737698,1103.7488312235373,208641.0920148448,4,0,2,1821.5256439654645,1
2018,12,23.448387096774194,47.1,4,0.4135331065650117,801.3944962473663,227621.0780411037,0,1,8,1501.2309862372654,0
2019,1,25.17096774193548,11.5,4,0.37676996833874205,646.1067321477232,207636.63378706435,3,0,3,1442.6701061457588,0
2019,2,26.017857142857142,20.0,4,0.3565067422637309,624.2547016234641,187535.2616956273,5,1,0,1338.4191370746375,0
2019,3,26.138709677419353,26.5,4,0.33519562742820386,613.8079091890153,202723.3002569724,4,0,7,1996.8126040820216,0
2019,4,24.423333333333336,140.3,4,0.5332758539463188,1009.6789608172054,227365.71113658647,2,0,1,1250.930871455091,1
2019,5,22.470967741935485,167.3,4,0.5609198570586302,1115.2071815395764,231111.92064305322,0,0,3,1861.6064116863995,1
2019,6,21.52,167.4,4,0.6296635995978003,1142.6996522329505,294556.20944666653,5,0,0,1711.595548392422,0
2019,7,21.345161290322583,171.2,4,0.5984710641332717,1232.0588015567228,245611.32405530143,0,1,6,1788.0643554094936,0
2019,8,21.51290322580645,176.4,4,0.6215280412619121,1218.7263829944263,240181.22733423396,4,1,4,1769.373695937437,0
2019,9,21.96333333333333,164.4,4,0.5958967375139621,1098.3136124200842,174941.56026530248,4,1,8,1886.7475880585462,0
2019,10,21.351612903225806,294.6,4,0.8387162067726069,1549.0514359493811,247097.89431656618,1,1,3,1347.0336558848867,1
2019,11,21.77,173.0,4,0.6053141150323339,1144.8393408752477,233694.94453632922,4,1,2,1200.6596934677484,1
2019,12,21.76774193548387,130.9,4,0.5977074202237778,1042.2159083650904,212801.69238390797,1,1,1,1678.8227912346129,1
2020,1,23.358064516129033,62.5,4,0.35831060102704104,818.1844421042882,256905.98316967697,1,1,2,1483.0869114586671,0
2020,2,24.489655172413794,34.6,4,0.3747693899367447,766.8086561002896,208844.83508820558,4,1,4,1299.02986489371,0
2020,3,24.074193548387097,123.3,4,0.496916056087576,990.1891649033761,268239.42841375316,5,0,0,1348.911003283391,0
2020,4,23.43,133.5,4,0.4842430117935559,1068.605200667002,237339.5550748712,1,1,4,1465.3994499673784,0
2020,5,22.403225806451612,108.0,4,0.4484605766744312,905.8888797761939,223587.9454747428,5,0,8,1256.1866967093626,0
2020,6,22.276666666666664,83.6,4,0.39696093605741634,875.3700791312764,217365.71289912707,5,1,7,1245.5305617027607,0
2020,7,21.625806451612902,106.6,4,0.49075789950614795,1064.6625547352385,235286.89192746286,4,1,6,1932.8210038659554,0
2020,8,22.016129032258064,119.4,4,0.4793656287864586,998.2611141605094,281424.7392243365,0,0,8,1449.682199482957,0
2020,9,22.14333333333333,112.7,4,0.47636984652366665,1029.0177700409076,162733.09980073606,1,1,7,1985.784557978868,0
2020,10,21.76451612903226,250.1,4,0.6485069532708372,1370.4911289277402,199592.91798105885,4,1,6,1971.49360666432,0
2020,11,21.94,197.8,4,0.6557826968389533,1261.4941286844385,234624.40536307165,5,0,8,1314.057025861691,0
2020,12,22.416129032258063,14.9,4,0.34045758044633107,684.1441821777524,205167.37103234726,4,1,1,1771.9394423169529,0
2021,1,23.570967741935487,10.7,4,0.25456090815830956,643.3302050204854,222169.5491445592,2,1,8,1680.6439113016554,0
2021,2,24.985714285714288,6.7,4,0.31723825503876596,619.8847021764594,218711.96354351248,1,0,2,1752.5176584841229,0
2021,3,24.23548387096774,53.9,4,0.35098512586664743,802.4019569701151,203842.1985260308,5,1,7,1276.9528000115797,0
2021,4,22.413333333333334,169.3,4,0.5760856957616574,1109.042456980627,269294.70735570305,1,0,9,1350.8480629076464,0
2021,5,21.629032258064516,123.0,4,0.4829856098043163,1026.0473282133928,262989.64835165336,2,1,4,1261.3109291607052,0
2021,6,22.153333333333332,44.9,4,0.408082511430303,825.114469426488,221530.892492266,5,0,0,1683.3073641736569,0
2021,7,21.896774193548385,56.4,4,0.39871476004338574,822.3039201220656,244664.0407843705,3,0,3,1989.272860679273,0
2021,8,22.4,111.2,4,0.5146337033467774,967.9683974813662,235616.82970147318,1,0,4,1737.5876301263531,0
2021,9,21.92,197.7,4,0.6531352046617064,1255.3774203904204,233585.70282774715,0,0,9,1768.6092280175437,0
2021,10,23.1,122.7,4,0.5296865946812468,1000.3372920020782,250961.4885301664,2,1,9,1987.668033234625,0
2021,11,24.486666666666668,20.5,4,0.37919468580076077,745.5651932450616,215396.94247029859,5,0,5,1742.409243337437,0
2021,12,24.700000000000003,28.8,4,0.3111992930113679,633.5317803543661,204222.7378309839,2,1,9,1232.1452581027763,0
2022,1,24.874193548387098,22.2,4,0.3018124848337135,672.6541381578321,252371.90596024928,4,0,4,1893.604480685278,0
2022,2,25.571428571428573,7.7,4,0.32915566290695286,572.8210263152581,130156.66110616093,1,0,4,1491.742632303037,0
2022,3,25.548387096774192,25.8,4,0.30447149495271164,630.6801543220923,165665.82272485126,4,1,8,1203.4908972117723,0
2022,4,23.483333333333334,162.1,4,0.5688968915403045,1177.5017924742083,208588.03060670555,4,0,6,1605.7873420486565,0
2022,5,22.448387096774194,115.3,4,0.47132312324422765,1012.4825720716965,220100.78633867158,3,1,5,1949.6120007010109,0
2022,6,22.06,63.5,4,0.4499726218048856,811.9908130296348,207321.01994938985,4,0,4,1405.8645497559864,0
2022,7,22.419354838709676,82.8,4,0.42210948598303727,820.5609433728359,170425.10603663544,3,0,7,1593.210538442272,0
2022,8,21.351612903225806,152.8,4,0.5638725631510226,979.6088512512015,198813.9671307713,2,1,7,1339.0215102259126,0
2022,9,21.67,124.39999999999999,4,0.5300532294410756,995.3043843345779,203799.10039105912,4,0,4,1246.154137333152,0
2022,10,23.1,48.5,4,0.3220576143923134,861.7121206271509,292659.6924124488,5,0,0,1264.4359573704905,0
2022,11,22.186666666666667,120.0,4,0.532144708917165,1024.067019353256,285977.6199806749,5,1,1,1781.6087247690843,0
2022,12,22.703225806451613,28.8,4,0.3766942852810724,709.6536299619028,194419.80786641274,1,0,1,1891.2595765937192,0
2023,1,24.787096774193547,2.5,4,0.29282332658570054,653.4316679817347,195302.51860030254,4,1,4,1314.6390714019929,0
2023,2,26.150000000000002,6.299999999999999,4,0.27914710812505705,566.8840341373001,171624.60281533518,0,0,6,1430.654854248375,0
2023,3,23.138709677419353,188.5,4,0.6397309468092537,1198.3045853544313,188620.4544315965,3,1,8,1356.023574115862,0
2023,4,22.823333333333334,155.9,4,0.5756389522520106,1113.4490204157933,235569.51604100774,3,0,2,1221.4846215411424,1
2023,5,23.293548387096774,81.0,4,0.43890132692680894,877.7546078247615,190284.80912866016,2,0,7,1642.7450959095868,0
2023,6,22.68,102.6,4,0.43079810393721724,964.3999118683291,224606.47699960603,5,1,6,1759.937736110118,0
2023,7,23.20967741935484,45.800000000000004,4,0.39186484843060626,792.8734993981847,165423.70448055043,5,1,0,1718.3019847080564,0
2023,8,23.364516129032257,60.9,4,0.40573979499207297,847.7332150415024,194959.42345401246,0,0,3,1510.442837841798,0
2023,9,23.09,87.9,4,0.40001937125592063,859.2491559071065,223198.74533165345,1,0,3,1644.0081967519243,1
2023,10,23.296774193548387,175.5,4,0.5569812694196304,1188.7852329818718,256089.10657206786,1,1,8,1275.2794453089798,0
2023,11,22.206666666666667,279.0,4,0.7786668923811946,1543.2857814388788,285987.02127737075,5,1,9,1323.4429749781475,0
2023,12,23.112903225806452,55.5,4,0.3444043352321091,750.293555603137,170408.81492353985,3,1,8,1945.4356956423867,0
2024,1,24.603225806451615,15.9,4,0.29554255989021017,635.1073711064283,229465.2906248392,4,0,5,1809.2061982559176,0
2024,2,25.489655172413794,41.7,4,0.36991561883224655,803.7670535427337,197743.28924743217,4,1,4,1938.191276660134,0
2024,3,25.893548387096775,42.900000000000006,4,0.3794106803995125,745.2992933748378,238077.4228436901,4,0,3,1933.344227599494,0
2024,4,23.256666666666668,153.0,4,0.559933278222102,1153.6610749688534,241973.7256989625,0,1,7,1719.5140936861926,0
2024,5,23.60967741935484,72.8,4,0.3693607595433018,822.1350352068638,174479.17784421064,0,0,0,1942.590918489732,0
2024,6,23.666666666666668,31.7,4,0.31301236047504005,778.3837670129011,202784.77022359645,2,1,2,1533.3632824659705,0
2024,7,22.729032258064517,105.30000000000001,4,0.4585336672075997,953.0977686540587,237208.73375423774,2,1,1,1202.8929958279527,1
2024,8,22.299999999999997,125.7,4,0.504160913925577,1022.8556629301416,250217.4144486493,4,0,4,1250.0568926769274,0
2024,9,23.123333333333335,111.0,4,0.4425415238213208,1019.879413832753,227360.7161832877,0,0,2,1287.5898605606521,1
2024,10,22.870967741935484,143.9,4,0.5416329025348708,1054.7972874822551,280337.149716612,2,1,1,1276.2827625462883,0
2024,11,22.603333333333335,147.6,4,0.5282380759293522,1036.854774761368,263173.7051105062,1,1,3,1481.3619126802107,0
2024,12,23.42258064516129,58.0,4,0.3973062570437024,793.2775446115372,205762.5800769304,1,1,8,1761.016645687486,0
2014,1,24.990322580645163,6.0,5,0.3316057396305368,527.1007398370335,219623.32645429682,1,1,5,1832.5190452803959,0
2014,2,26.12857142857143,11.9,5,0.2673527345654666,432.74512662115603,253276.27182819525,1,1,8,1672.1706194756998,0
2014,3,24.970967741935485,95.0,5,0.46523780462575487,797.2506761255956,277449.43082321587,3,0,9,1317.1489396455836,0
2014,4,22.94333333333333,134.6,5,0.510932945847825,870.677271616946,182814.18530468075,2,1,9,1798.3212817185401,0
2014,5,22.4741935483871,150.5,5,0.633826906618277,1014.7588189821338,203384.71218385617,2,0,3,1483.841535310079,1
2014,6,22.516666666666666,81.6,5,0.38793970331862504,627.0597393668768,244712.34275136565,2,1,8,1210.394678937437,0
2014,7,22.44193548387097,80.1,5,0.4312464319374902,700.6095391443885,174300.33160642197,4,1,9,1424.4708964261995,0
2014,8,21.725806451612904,127.4,5,0.4933556039501492,801.4961957029889,174443.46165748875,5,0,9,1464.4804433127824,0
2014,9,22.256666666666668,136.2,5,0.5254255071041088,867.5267140439828,204816.31320254723,3,1,3,1419.3964281744823,1
2014,10,22.55806451612903,137.9,5,0.5265728453901187,915.0767302287014,235812.93970253368,3,0,2,1849.4961225500683,1
2014,11,23.06,89.2,5,0.4358711344863182,749.0405158952134,206851.34007328417,4,1,5,1807.9411180752722,0
2014,12,24.019354838709678,10.7,5,0.38194365055747365,533.4913942669523,173259.17712273682,4,0,9,1756.4416243301132,0
2015,1,25.606451612903225,0.0,5,0.27823031845807167,466.6983283463014,175141.75048048497,0,0,9,1311.2040628098123,0
2015,2,26.764285714285712,4.8,5,0.3326974306167687,500.2787136628508,182473.61373207535,5,0,5,1846.2671277650256,0
2015,3,26.574193548387097,63.6,5,0.4101823354293587,623.5679511312946,186371.1149726708,0,1,1,1741.740769330659,0
2015,4,22.633333333333333,145.9,5,0.5165302193577216,950.4312920105867,294483.4896791288,2,1,4,1355.8701491851134,0
2015,5,22.258064516129032,175.2,5,0.5944323257828245,1045.2845771175748,242548.09830497263,3,1,7,1718.4751442252132,0
2015,6,22.086666666666666,129.5,5,0.4549094403731116,878.0725901854858,246848.57884698102,2,0,5,1586.8093128029448,0
2015,7,22.65806451612903,63.6,5,0.392503672878317,701.4606801408538,191444.53036770062,1,1,3,1551.48004948498,0
2015,8,23.461290322580645,47.9,5,0.39913571871968334,653.7956762155595,196724.9537816633,5,1,3,1289.698530777911,0
2015,9,23.936666666666667,59.5,5,0.4077447478125938,754.924597020329,188987.34832051568,0,1,0,1614.6434206761323,0
2015,10,23.17096774193548,232.4,5,0.6651471135471981,1179.5086077893673,164809.43857557332,1,1,2,1279.9454471778909,1
2015,11,22.053333333333335,157.0,5,0.5658287218284445,952.4135283824585,184852.80396516068,5,1,6,1331.4027098034132,0
2015,12,22.86774193548387,67.3,5,0.3681231137115847,650.9940714664885,147760.96531790722,4,1,2,1306.0370514198103,0
2016,1,24.44193548387097,26.1,5,0.2847866745114257,508.30825222665476,125380.82425893901,0,1,9,1963.2866232560061,0
2016,2,26.341379310344827,8.1,5,0.29328138646489177,442.17275051997404,161219.947364379,4,0,0,1427.891752355112,0
2016,3,26.787096774193547,21.0,5,0.2667022201278909,477.11023988289037,241852.97344304787,5,1,5,1484.163458876806,0
2016,4,23.206666666666663,164.1,5,0.5711233404493261,981.2080274360231,227163.55716375122,0,1,4,1457.6644850368289,0
2016,5,22.635483870967743,138.4,5,0.5753183315417902,934.4155451697538,263470.1564832155,2,0,8,1918.600356142515,0
2016,6,22.576666666666664,73.6,5,0.41479106464591525,712.9312423031693,219363.9766912798,2,0,8,1650.3727290679108,0
2016,7,22.57741935483871,73.4,5,0.42978353221660787,684.261889135102,228217.71590226295,0,1,5,1935.3279191466495,0
2016,8,22.690322580645162,100.9,5,0.49415728742657766,838.95280935608,190089.31488934916,1,0,6,1439.9399246623163,0
2016,9,23.426666666666666,84.9,5,0.42001484055805427,770.2791996267623,227340.86459592113,1,0,6,1291.867739545559,0
2016,10,24.103225806451615,47.9,5,0.3697095608452373,625.8993700723858,222449.5056602793,1,0,5,1644.9747621793397,0
2016,11,23.826666666666664,105.9,5,0.5283896495107174,799.598489633935,196668.460403704,2,0,1,1476.429593432014,0
2016,12,25.296774193548387,6.6000000000000005,5,0.3236172064017601,527.5963257726412,215477.78814803823,2,0,4,1841.5254667925988,0
2017,1,25.65806451612903,4.6,5,0.27589953137284506,490.9725273495736,214553.75752585602,1,1,2,1903.5387271293268,0
2017,2,25.021428571428572,23.2,5,0.3110202419180764,487.6577941947006,177633.18775881644,1,1,4,1578.0588087256574,0
2017,3,24.74516129032258,36.2,5,0.4056046155807927,605.9491246795892,168518.6834578502,1,0,6,1977.0872192684067,0
2017,4,23.743333333333332,152.5,5,0.5588560942830193,961.8365013351892,191423.07014986695,4,0,2,1642.4104050755247,1
2017,5,22.283870967741933,171.7,5,0.5686315833247882,966.2999241052344,229899.1601860626,1,1,2,1416.73631470905,1
2017,6,22.64333333333333,67.60000000000001,5,0.4340475378066608,709.2562376228042,216550.79507350377,5,1,8,1591.1804122754197,0
2017,7,21.729032258064517,181.29999999999998,5,0.5917640597406454,975.0345590791901,204226.98981259778,3,0,3,1229.8482339223422,1
2017,8,21.606451612903225,175.0,5,0.6535929948290012,1089.4735830164955,237955.4468811026,4,1,1,1843.200928210454,1
2017,9,21.80666666666667,189.1,5,0.6557500476340441,1121.8412542598987,256863.41142494648,3,0,7,1281.1480406835367,0
2017,10,22.55806451612903,121.7,5,0.5271158892542435,854.7323139714626,236924.30655767603,1,0,7,1446.998790802404,0
2017,11,21.886666666666667,118.5,5,0.46038638118920466,851.3523284376325,264664.58987868525,3,0,8,1652.2532376039546,0
2017,12,23.532258064516128,8.700000000000001,5,0.32605477229872915,425.61779362493195,222358.84845593583,1,0,7,1234.3801005175192,0
2018,1,24.38064516129032,14.1,5,0.3271357257553432,486.53989059297527,160787.6740711933,0,0,9,1263.4535193451586,0
2018,2,25.8,13.600000000000001,5,0.3428467047255284,513.1510951788815,250559.67390045122,1,0,5,1756.8930860904102,0
2018,3,22.548387096774192,116.1,5,0.4788502129341772,793.4679835904869,197548.1435505675,1,0,2,1257.421674448615,0
2018,4,21.386666666666667,228.2,5,0.7291200551376493,1220.2601164138293,278966.9936867392,0,0,8,1581.666292997901,0
2018,5,21.40967741935484,135.7,5,0.5710906469074497,992.9172958694628,231472.9824510897,0,0,2,1470.9565067366002,1
2018,6,21.06,101.7,5,0.4109969080971549,732.9327242192826,196270.13658383358,5,1,2,1382.4635263651332,0
2018,7,20.98709677419355,65.3,5,0.4140585747915502,656.4172768413655,148282.47635406128,3,0,8,1351.0231182909324,0
2018,8,21.6,143.2,5,0.5264210767153467,927.7924983143093,219076.4645586543,2,1,8,1810.7290349860637,0
2018,9,22.453333333333333,89.1,5,0.45911696824810727,827.3779769817252,169408.74109936974,5,0,3,1961.233754520226,0
2018,10,22.416129032258063,151.3,5,0.5760054815912707,904.6049125430932,251387.37007873063,1,0,7,1312.1437937626654,0
2018,11,22.95,156.5,5,0.5515960000833511,969.1384854845911,273034.85855294473,2,1,9,1967.7449753393016,0
2018,12,23.448387096774194,47.1,5,0.3633854171810892,702.0658197541592,182257.935901432,5,1,7,1675.8100027800829,0
2019,1,25.17096774193548,11.5,5,0.35122742384479494,461.12835985809215,201804.22977390292,3,1,0,1713.3283242906057,0
2019,2,26.017857142857142,20.0,5,0.28194354771606905,469.6456794654385,175899.1944112815,2,0,6,1767.9411025140655,0
2019,3,26.138709677419353,26.5,5,0.3270200381815134,532.7503103439738,184459.031310511,1,1,1,1763.2951122836648,0
2019,4,24.423333333333336,140.3,5,0.5187501488421741,884.6130820390773,246120.55434575403,0,1,8,1855.8488865485506,0
2019,5,22.470967741935485,167.3,5,0.6196145095576799,1039.0866449447578,231970.78374027825,0,0,0,1586.774921078158,1
2019,6,21.52,167.4,5,0.5929805816001963,1008.5088038402006,282870.1455651464,0,0,9,1626.686870011761,0
2019,7,21.345161290322583,171.2,5,0.5804024462111429,933.5704920449658,210218.66500250963,4,1,1,1459.0616019707327,1
2019,8,21.51290322580645,176.4,5,0.6362470119145386,1054.9387602577021,264375.1907948509,3,1,4,1284.2060750264936,0
2019,9,21.96333333333333,164.4,5,0.5162809091171224,945.2309578082188,228540.87901339098,2,0,2,1731.7121527409754,1
2019,10,21.351612903225806,294.6,5,0.8405022747600999,1442.0768116729878,289239.485226166,4,0,8,1226.8879753490007,0
2019,11,21.77,173.0,5,0.6261609158826636,997.6930138746304,216400.71139007204,0,0,3,1420.5080408666945,1
2019,12,21.76774193548387,130.9,5,0.5928576366298265,882.0909202321667,219080.50849202584,1,1,7,1275.3838915568801,0
2020,1,23.358064516129033,62.5,5,0.3900490662387046,697.3582248711009,202323.69161072004,2,1,0,1352.5817258581744,0
2020,2,24.489655172413794,34.6,5,0.32028103822364373,611.6323699485685,176297.15201258086,5,1,4,1710.9847303179047,0
2020,3,24.074193548387097,123.3,5,0.5192590101936851,883.806369795765,240937.92336304928,3,0,9,1702.7813041639345,0
2020,4,23.43,133.5,5,0.541786442480977,831.310280616209,236012.29261664764,5,1,9,1536.8439303965697,0
2020,5,22.403225806451612,108.0,5,0.463562987876781,833.0385145274726,234449.7220093648,1,1,2,1272.137581191593,0
2020,6,22.276666666666664,83.6,5,0.4685583323068012,710.6434181923727,252960.44307291915,5,0,3,1546.6991331675267,0
2020,7,21.625806451612902,106.6,5,0.5158069328693048,833.1013648916302,260128.45322841953,0,0,4,1482.1958974866347,0
2020,8,22.016129032258064,119.4,5,0.5669440055278389,814.0820648096974,203878.22448930173,1,0,5,1776.3673222847597,0
2020,9,22.14333333333333,112.7,5,0.46869355143499636,842.6591918995296,228604.30490498772,3,1,5,1663.2212865592414,0
2020,10,21.76451612903226,250.1,5,0.7373751623686721,1216.6468331056149,228623.7259707028,0,1,1,1593.2526138695991,1
2020,11,21.94,197.8,5,0.6144526913815354,1029.978661971348,233098.9524411445,5,1,7,1589.5856658439961,0
2020,12,22.416129032258063,14.9,5,0.30456092920338357,559.6193247876192,176777.06250944358,5,1,2,1973.037509808335,0
2021,1,23.570967741935487,10.7,5,0.3655667828130911,548.5340562783055,242484.83377634597,3,0,3,1805.0353773627603,0
2021,2,24.985714285714288,6.7,5,0.31863102540497446,482.3427618473703,204426.93688664996,1,1,8,1597.5836483681023,0
2021,3,24.23548387096774,53.9,5,0.45450166603741193,729.7120233716324,203013.50738143662,0,0,6,1583.378090311182,0
2021,4,22.413333333333334,169.3,5,0.5801359168183101,982.1129187500115,264377.5906556922,3,0,3,1221.1832810439707,0
2021,5,21.629032258064516,123.0,5,0.4536317807487631,847.3220817507745,152667.30424619964,3,0,9,1954.0074106558454,0
2021,6,22.153333333333332,44.9,5,0.3360713386050394,626.276180055964,139679.0165585184,4,1,3,1455.3391774138638,0
2021,7,21.896774193548385,56.4,5,0.40271443484602787,639.475933655972,225033.234349071,3,1,5,1404.751265504595,0
2021,8,22.4,111.2,5,0.5109223672058896,852.5704024650722,220019.68564072682,0,1,2,1999.527140310137,0
2021,9,21.92,197.7,5,0.608849292131714,1058.0149343202336,242154.5837534415,0,1,1,1774.9517372036196,1
2021,10,23.1,122.7,5,0.5080171033033737,845.137838669672,177819.1439940173,4,1,4,1237.8910186394303,0
2021,11,24.486666666666668,20.5,5,0.31064845806144076,597.5051502445407,199536.73402738562,0,1,5,1249.5083816204613,0
2021,12,24.700000000000003,28.8,5,0.3357053545916727,527.9364048443127,255840.19469958526,5,0,8,1220.4012511681583,0
2022,1,24.874193548387098,22.2,5,0.34714481852430795,458.58692450032413,215783.9102958373,0,1,3,1679.6951196102953,0
2022,2,25.571428571428573,7.7,5,0.31711869458739206,568.699900172573,208444.33122523307,4,0,8,1257.2516000495614,0
2022,3,25.548387096774192,25.8,5,0.3474339781613984,660.7644553458143,197431.47460838797,5,1,6,1946.7106854759445,0
2022,4,23.483333333333334,162.1,5,0.5403786343533036,953.6010602553259,214450.89926434425,2,1,0,1949.5252320181423,1
2022,5,22.448387096774194,115.3,5,0.5085765358153167,765.7976796870958,147387.87769896712,0,1,7,1636.8432533984637,0
2022,6,22.06,63.5,5,0.40007512043516413,668.8014176500197,211233.3260396364,5,1,5,1693.3111451167606,0
2022,7,22.419354838709676,82.8,5,0.4182590252445786,723.477030147055,233242.65566622,1,1,3,1433.5155212201998,0
2022,8,21.351612903225806,152.8,5,0.5245096431872025,934.2041798825786,177467.75457548784,3,0,4,1251.1780339266186,0
2022,9,21.67,124.39999999999999,5,0.5321215854563325,828.549194527334,196441.42879298222,5,1,3,1789.9683561534525,0
2022,10,23.1,48.5,5,0.4558796850341302,683.6445917766064,169967.62837512585,4,1,6,1281.428790999214,0
2022,11,22.186666666666667,120.0,5,0.5393040400081958,885.2197475812103,191857.04396223393,0,0,5,1268.4461128147145,0
2022,12,22.703225806451613,28.8,5,0.35989207431404086,522.6396380687481,193415.61985015686,4,1,4,1448.978487363379,0
2023,1,24.787096774193547,2.5,5,0.309907705156184,523.3416471884105,133270.75099638634,0,0,2,1209.9725278703056,0
2023,2,26.150000000000002,6.299999999999999,5,0.31328245852541314,577.0903774027677,225345.34334293334,4,1,3,1547.228492605053,0
2023,3,23.138709677419353,188.5,5,0.6141596809705797,1064.8245581559645,257801.61675048762,3,0,4,1766.1447280640614,0
2023,4,22.823333333333334,155.9,5,0.5347360274939907,939.1260423327652,217597.00574551383,1,1,4,1841.0791451375512,0
2023,5,23.293548387096774,81.0,5,0.4606369150469787,737.4591865051009,134575.4796208718,2,1,3,1683.445843039137,0
2023,6,22.68,102.6,5,0.454153069159564,819.8044319939198,185691.7957794419,0,0,5,1877.4993624911301,0
2023,7,23.20967741935484,45.800000000000004,5,0.40281918389788884,568.5671315163861,232472.4285443918,5,0,2,1525.2017630136884,0
2023,8,23.364516129032257,60.9,5,0.3859861224184814,677.0697054119447,120825.74801109839,1,1,5,1879.0176680483814,0
2023,9,23.09,87.9,5,0.4415563350564742,739.046583105738,198698.02428265347,1,0,1,1605.1786483987034,0
2023,10,23.296774193548387,175.5,5,0.5735306509083953,1087.1704363580686,201573.6115546277,3,1,4,1378.4289023986362,0
2023,11,22.206666666666667,279.0,5,0.7441238668187145,1316.218491260724,279434.58834840305,4,1,7,1955.3165173283728,0
2023,12,23.112903225806452,55.5,5,0.38080082495163764,722.1539924975802,187518.9008355026,3,1,8,1419.9766990696933,0
2024,1,24.603225806451615,15.9,5,0.3590946710290053,500.9512075131165,205210.84625537574,3,0,6,1220.9611873502345,0
2024,2,25.489655172413794,41.7,5,0.3519123240827624,623.8450630849383,224319.69348393683,3,1,7,1394.1392343640216,0
2024,3,25.893548387096775,42.900000000000006,5,0.311358264274852,600.7333433046388,262613.18459175556,5,0,0,1493.3500490059423,0
2024,4,23.256666666666668,153.0,5,0.56592474881351,919.96377529677,217508.84371348048,2,1,3,1481.0797466314111,1
2024,5,23.60967741935484,72.8,5,0.3905601658624264,708.7121349115137,217978.30188159941,4,0,6,1619.7340075548573,0
2024,6,23.666666666666668,31.7,5,0.39767433462147994,649.5012944270162,157408.43918033823,4,0,8,1906.5015056287389,0
2024,7,22.729032258064517,105.30000000000001,5,0.4212935898204955,779.1346493419928,248043.17884617177,5,1,5,1433.8705816877593,0
2024,8,22.299999999999997,125.7,5,0.5317766456258735,808.5527282882796,191868.95282092143,5,1,8,1616.616486367335,0
2024,9,23.123333333333335,111.0,5,0.4629151757538322,818.12028023436,198626.99749611644,4,1,2,1472.1111629507834,0
2024,10,22.870967741935484,143.9,5,0.5170344292039032,881.2116455367786,219829.49779746597,1,0,1,1857.4184474985605,1
2024,11,22.603333333333335,147.6,5,0.5221370676711462,914.3957233220967,176265.12750557225,4,1,0,1326.0812106307826,1
2024,12,23.42258064516129,58.0,5,0.41231596249647456,667.8795185288458,210293.4623501758,4,0,5,1282.8082146480467,0
